Method,Author,Publication_DOI,Publication_Date,Ecosystem,Availability,Citations,Requires_Empties,Additional_Requirements,Technology_Suitability,Ambient_Basis,Method_Category,Approach_Description,Benchmarking_Summary,Can_Filter_Empties,Can_Ambient_Estimate,Can_Ambient_Correct,Can_Ambient_QC_Plot,Can_Ambient_Simulate,Other_Features,Notes
EmptyDrops,Lun et al. (2019),https://doi.org/10.1186/s13059-019-1662-y,22/3/2019,R; Cell Ranger v3.0.0+,Bioconductor; Cell Ranger,1057,Required,,Droplet-based scRNA-seq; Droplet-based snRNA-seq,Low total UMI count droplets,Empty droplet-like,Statistical difference of droplets from ambient profile used to call cells using Monte Carlo approach,N/A,Yes,No,No,No,No,,
DecontX,Yang et al. (2020),https://doi.org/10.1186/s13059-020-1950-6,5/3/2020,R,Bioconductor; GitHub,606,Optional,Pre-clustering required,Droplet-based scRNA-seq; Well-based scRNA-seq,With empty droplets: Low total UMI count droplets; No empty droplets: Droplet cluster assignments,Empty droplet-like; Expression profiling-like,Deconvolving cell and ambient counts using Bayesian variational inference,Recommended for datasets without empty droplets and well-based datasets,No,Yes,Yes,No,No,,
souporcell,Heaton et al. (2020),https://doi.org/10.1038/s41592-020-0820-1,4/5/2020,Bash,Singularity,531,Required,Allele variants present in reads; Cell Ranger .bam file,Droplet-based scRNA-seq,Allele variant fractions,Demultiplexing-like,Maximum likelihood used to estimate ambient contamination using allele fractions,N/A,No,Yes,No,No,No,Demultiplexing; Doublet detection,
DIEM,Alvarez et al. (2020),https://doi.org/10.1038/s41598-020-67513-5,3/7/2020,R,GitHub,96,Required,,Droplet-based scRNA-seq; Droplet-based snRNA-seq,Low total UMI count droplets,Empty droplet-like,Enrichment of ambient genes in clustered droplets determined using Expectation-Maximization algorithm,N/A,Yes,Yes,No,No,No,,
SoupX,Young and Behjati (2020),https://doi.org/10.1093/gigascience/giaa151,26/12/2020,R,CRAN; GitHub,1595,Required,Pre-clustering optional,Droplet-based scRNA-seq,Low total UMI count droplets,Empty droplet-like,Maximum likelihood used to estimate contamination then subtract this from counts,Recommended if compute constraints present,No,Yes,Yes,No,No,,
dropkick,Heiser et al. (2021),https://doi.org/10.1101/gr.271908.120,9/4/2021,Python,pip; GitHub,51,Required,,Droplet-based scRNA-seq,Low dropout rate genes,Expression profiling-like,Multilevel thresholding on number of detected genes per droplet then logistic regression used to call cells,N/A,Yes,Yes,No,Yes,No,,
emptyNN,Yan et al. (2021),https://doi.org/10.1016/j.patter.2021.100311,20/7/2021,R,GitHub,16,Required,,Droplet-based scRNA-seq; Droplet-based snRNA-seq,Low total UMI count droplets,Empty droplet-like,Deep learning (positive-unlabelled learning),N/A,Yes,No,No,No,No,,
DropletQC,Muskovic and Powell (2021),https://doi.org/10.1186/s13059-021-02547-0,2/12/2021,R,GitHub,91,Required,Cell Ranger .bam file,Droplet-based scRNA-seq,UMI counts and unspliced read fractions per droplet (nuclear fraction),Empty droplet-like,Empty droplets called using kernel density estimation; damaged cells called using Gaussian mixture model,N/A,Yes,No,No,No,No,Filter damaged cells,
scAR,Sheng et al. (2022),https://doi.org/10.1101/2022.01.14.476312,24/3/2022,Python; Bash,conda; pip; GitHub,34 (preprint),Required,,Droplet-based single-cell omics; Droplet-based scRNA-seq; Droplet-based snRNA-seq; Droplet-based scCRISPR-seq; Droplet-based scATAC-seq; Droplet-based CITE-seq,Low total UMI count droplets,Empty droplet-like,Deep generative model,Not recommended due to artificial count inflation,No,Yes,Yes,No,No,,
SiftCell,Xi et al. (2023),https://doi.org/10.1016/j.cels.2023.06.002,19/7/2023,R,GitHub,4,Required,,Droplet-based scRNA-seq,Identifies confident cells based on UMI counts,Empty droplet-like,Count matrix permutation and XGBoost algorithm used to call cells; cell and ambient counts modelled as multinomial mixtures and ambient contamination estimated using maximum likelihood,N/A,Yes,Yes,No,No,Yes,,
AmbiQuant,Arceneaux et al. (2023),https://doi.org/10.1016/j.isci.2023.107242,21/7/2023,Python,conda; GitHub,20,Required,,Droplet-based scRNA-seq,Low dropout rate genes,Expression profiling-like,AUC and secant-based statistics computed and plotted using barcode ranks and cumulative transcript count distributions,N/A,No,Yes,No,Yes,No,,
CellBender,Fleming et al. (2023),https://doi.org/10.1038/s41592-023-01943-7,7/8/2023,Bash,conda; pip,794,Required,GPU access beneficial,Droplet-based scRNA-seq; Droplet-based snRNA-seq; Droplet-based CITE-seq,Low total UMI count droplets,Empty droplet-like,Deep generative model,Recommended for raw droplet datasets if strong compute resources present,Yes,Yes,Yes,No,No,Correct barcode swapping,Simulation feature no longer available
FastCAR,Berg et al. (2023),https://doi.org/10.1186/s12864-023-09744-2,29/11/2023,R,GitHub,29,Required,,Droplet-based scRNA-seq ,Low total UMI count droplets,Empty droplet-like,Subtraction of ambient gene counts from cell counts matrix if a gene's dropout rate in empty droplets exceeds user-specified allowable ambient fraction,Made for single-cell DGE context but limited benchmarking suggests mediocre performance,No,Yes,Selected Genes Only,Yes,No,,Corrects DGE-affecting genes only
scCDC,Wang et al. (2024),https://doi.org/10.1186/s13059-024-03284-w,23/5/2024,R,GitHub,13,Not required,Pre-clustering required,Droplet-based scRNA-seq; Droplet-based snRNA-seq,Genes with significantly large entropy divergence in most cell clusters,Expression profiling-like,Youden-index method used to compute contamination threshold of each selected gene then subtract this from all cells,Similar use cases to DecontX but inferior performance,No,No,Selected Genes Only,No,No,,Corrects selected genes only
CellClear,Huang et al. (2025),https://doi.org/10.1101/2024.08.05.606571,3/1/2025,Python,pip,1 (preprint),Required,,Droplet-based scRNA-seq,Genes with largest distance between counts in empty droplets and predicted counts from cell clusters,Expression profiling-like,Uses non-negative matrix factorisation (NMF) and AUROC-based metrics to identify ambient seed genes and correct counts of these in sample-specific manner,Not recommended due to artificial count inflation,No,No,Selected Genes Only,No,No,,Corrects selected genes only but affects entire count matrix due to NMF
ambisim,Li et al. (2025),https://doi.org/10.21203/rs.3.rs-5977005/v1,10/2/2025,Bash,GitHub,4 (preprint),Not required,GTF file; Dataset configuration,Droplet-based scRNA+ATAC multiome,Allele variant fractions,Demultiplexing-like,Number of real allele variants that do not match assigned genotype of nucleus gives lower bound of ambient contamination present,N/A,No,Yes,No,No,Yes,,
CellBouncer,Schaefer et al. (2025),https://doi.org/10.1016/j.xgen.2026.101275,23/3/2025,Bash,GitHub; Docker; conda,6,Required,Allele variants present in reads,Droplet-based scRNA-seq; Droplet-based scCRISPR-seq,Allele variant fractions,Demultiplexing-like,Variants that do not match known genotype of each droplet used to estimate ambient contamination; ambient counts subtracted to correct contamination,Not yet benchmarked,No,Yes,Yes,Yes,No,Demultiplexing; Doublet detection; Find donor proportions; Assign sgRRNAs to cells,
Ambimux,Alvarez et al. (2025),https://doi.org/10.1101/2025.08.21.671671,26/8/2025,Bash,GitHub,0 (preprint),Required,Allele variants present in reads; Genotypes; Peak/gene annotations,Droplet-based scRNA-seq; Droplet-based scATAC-seq; Droplet-based scRNA+ATAC multiome,Allele variant fractions,Demultiplexing-like,Modelling cell and ambient counts based on variants in ambient pool using maximum likelihood; assigns ambient contamination estimation and cell/empty droplet status to each droplet,N/A,No,Yes,Yes,No,No,Demultiplexing; Doublet detection; Find donor proportions,
CellSweep,Caskey et al. (2026),https://doi.org/10.64898/2026.03.04.709349,6/3/2026,Python,pip,0 (preprint),Optional,Pre-clustering required,Droplet-based scRNA-seq; Droplet-based scATAC-seq; Droplet-based snRNA-seq; Well-based scRNA-seq; Spatial transcriptomics,With empty droplets: Low total UMI count droplets; No empty droplets: Cell type expression mixture,Empty droplet-like; Expression profiling-like,Models and subtracts cell and ambient counts using Expectation-Maximization algorithm,Not yet benchmarked,No,Yes,Yes,Yes,No,,